syntax,intended_use,affected_state,data_dependence,position_dependence,record_effect,repetition,revisit,subsequent_interpretation,read_vs_write,medium,classification,evidence
Iw[.m],integer editing,field; datum; head,value; overflow; zero suppression,field starts at head,none,static rI,via reversion,uses sign and blank modes,READ parses; WRITE emits digits,matched ordinary cases; comma input seam under legacy,F77,probe; typed
Fw.d,fixed real editing,field; datum; head,value; rounding; magnitude,field starts at head,none,static rF,via reversion,scale; sign; blanks,READ implied decimal; WRITE fixed decimal,matched tested cases,F77,typed
Ew.d[Ee],exponential editing,field; datum; head,value; exponent,field starts at head,none,static rE,via reversion,scale; sign; blanks,READ numeric conversion; WRITE exponent form,matched tested E outputs,F77,typed; reversion
Dw.d,double/exponential editing,field; datum; head,value; exponent,field starts at head,none,static rD,via reversion,scale; sign; blanks,READ numeric conversion; WRITE D exponent,matched tested outputs,F77,typed
Gw.d[Ee],general real editing,field; datum; head,value; magnitude selects representation,field starts at head,none,static rG,via reversion,scale; sign; blanks,READ numeric conversion; WRITE fixed/exponent selection,matched tested output; thresholds not swept,F77,typed; source audit
Lw,logical editing,field; logical datum; head,logical text/value,field starts at head,none,static rL,via reversion,none,READ recognizes logical; WRITE emits T/F,matched T input,F77,typed
A[w],character transfer,field; datum; head,characters; width/target-length relation,field starts at head,none,static rA,via reversion,none,READ right truncation/right padding; WRITE pads/truncates,legacy internal comma shortening; external preserves comma,F77 for CHARACTER,typed; comma_seam; automaton
A[w] with numeric item,legacy raw storage transfer,bytes in numeric storage; head,raw bytes,field starts at head,none,static rA,via reversion,none,bytes transferred rather than integer conversion,internal/external comma difference measured,GNU/legacy extension; nonconforming standard types,legacy_medium; legacy_format
Tn,absolute column,record head,n may be generated between statements,absolute 1-based column,stays in record,descriptor once,explicit backward revisit allowed,next field address,READ selects; WRITE replaces,matched; fixed internal bound,F77,probe; indirect; automaton
TLn,left movement,record head,static n per parsed description,relative; clamps at start,stays in record,descriptor once,earlier columns,next field address,READ revisits; WRITE can overprint,matched tested reads/writes,F77,typed; probe
TRn,right movement,record head,static n per parsed description,relative,stays in record,descriptor once,none itself,next field address,READ skips; WRITE advances,tested READ; fixed internal bound,F77,typed
nX,right movement,record head,static n,relative,stays in record,n is distance,none itself,next field address,READ skips; WRITE advances,matched tested output,F77,probe
/,record transition,record index; head,none directly,next record begins at column 1,advance record,static groups; later r/,reversion also advances,editing modes remain,READ skips remainder; WRITE terminates record,internal needs next array element; external next record,F77,syntax; record_address; reversion
:,list-exhaustion condition,format control,"remaining I/O-list items, not arbitrary datum",none,conditional termination,once,reached again in groups/reversion,halts if list exhausted,same condition on READ/WRITE,matched tested cases,F77,colon; probe; automaton vocabulary
S / SP / SS,sign control,invocation sign mode,subsequent numeric sign,none,none,once until changed,persists across reversion,plus-sign policy,WRITE effect; no numeric branch instruction,matched outputs,F77,probe; typed; reversion
kP,scale control,invocation scale mode,numeric value; exponent-presence interaction,none,none,once until changed,persists across reversion,real conversion/display scale,READ/WRITE effects differ,matched input and output probes,F77,typed; reversion
BN / BZ,blank control,invocation blank mode,blank-containing numeric fields,field-dependent,none,once until changed,persists across reversion,ignore blanks / substitute zero,numeric READ effect,matched; resets on next invocation,F77,typed
'text',literal output,output bytes; head,literal contents,writes at head,none,group repeat only,via groups/reversion,none,output only; input is invalid,same output; bound differs,F77,probe; syntax; source audit
"""text""",literal output spelling,output bytes; head,literal contents,writes at head,none,group repeat only,via groups/reversion,none,output only,matched observed uses,later standard / target accepted; not apostrophe-only F77 spelling,colon; parity; syntax
nHtext,Hollerith output literal,output bytes; head,literal byte count,writes at head,none,group repeat only,via groups/reversion,none,output only in F77; historical input modification not tested,matched output; no input-rewrite claim,F77 descriptor; older practice; deleted later,probe; bounded_store; source audit
rD / r(list),repeat descriptor/group,parser repetition counters; head,static positive count,effects of repeated body,body determines,bounded; fixed in current parsed code,repeated body,body-dependent,READ/WRITE consume corresponding list,same semantics within record capacity,F77,probe; reversion; syntax
(list) nesting,instruction grouping,parser traversal stack,structure in FORMAT bytes,body-dependent,body-dependent,static groups,reversion target depends on grouping,body-dependent,same structural traversal,tested mutable nesting,F77,syntax; structural automata
format reversion,resume last relevant group,parser counters; record index,remaining list items,new record; group restarts,advance record,list-bounded iteration,yes,retains sign/scale/blank modes,READ/WRITE traversal,internal finite array; external available records,F77 behavior,reversion; typed; record_address
character FORMAT variable,runtime program description,parsed program; persistent bytes,mutable between invocations,descriptor-dependent,descriptor-dependent,descriptor-dependent,descriptor-dependent,entire next interpretation,READ/WRITE establish description,same grammar; transport seam differs,F77 representation facility,automaton; syntax
integer-array FORMAT,legacy byte program,numeric storage interpreted as description,stored bytes,descriptor-dependent,descriptor-dependent,descriptor-dependent,descriptor-dependent,entire interpretation,legacy READ/WRITE format identifier,one-shot internal output measured,GNU/legacy extension,legacy_format
Bw[.m] / Ow[.m] / Zw[.m],radix editing,field; datum; head,integer bits/value,field at head,none,static,via reversion,blank/sign context as applicable,READ radix parse; WRITE radix digits,matched output probes,later standard; not F77,probe
I0 / G0,minimal-width output,variable field extent; head,value changes output length,relative subsequent head shifts,none,static,via reversion,next field position varies,tested WRITE only,matched output,later standard; G0 later than I0; not F77,probe
ENw.d / ESw.d,engineering/scientific editing,field; datum; head,real magnitude,field at head,none,static,via reversion,numeric representation,READ numeric; WRITE alternate exponential,not empirically compared,later standard; not F77,GNU13 parser source-only
DC / DP,decimal punctuation mode,invocation decimal mode,numeric punctuation,none,none,mode setter,persists in invocation,decimal comma/point; numeric separator rules,input/output conversion context,not empirically compared,later standard; not F77,GNU13 parser and transfer source-only
RU / RD / RZ / RN / RC / RP,rounding mode,invocation rounding mode,numeric rounding,none,none,mode setter,persists in invocation,subsequent real conversion,"rounding policy, not programmable branch",not empirically compared,later standard; not F77,GNU13 parser source-only
*(list),unlimited-format item,parser group counters; list cursor,remaining I/O items,body-dependent,body-dependent,bounded by supplied list at runtime,yes,body-dependent,READ/WRITE list processing,matched one-item output; no growing feedback claim,later standard; not F77,probe; GNU13 parser
DT...,defined derived-type I/O,host callback and child I/O state,user-defined procedure,callback-dependent,callback-dependent,callback-dependent,callback-dependent,delegates to ordinary Fortran,calls host-defined I/O procedure,not empirically executed,later standard; category D for callback computation,GNU13 parser/transfer source-only
$,suppress usual advancing completion,external record completion,none directly,current head,target-specific nonadvancing effect,once,no loop itself,none,WRITE extension,one-item output accepted; not synchronization,GNU/legacy extension,probe; GNU13 parser
omitted commas,permissive FORMAT parsing,parser grammar,source bytes,none,none,body-dependent,body-dependent,same parsed descriptors,target accepts tested literal adjacency,matched output; do not generalize portability,GNU/legacy extension,probe; GNU docs; source audit
0(list),zero repeat attempt,parser error status,literal zero,none,fails before normal output,rejected,none,none,5006 in tested WRITE,same failure both media,unsupported in current model,probe
I<expr>,vendor variable FORMAT expression,would delegate expression evaluation,host expression if supported,field-dependent,body-dependent,vendor-dependent,vendor-dependent,host arithmetic in descriptor,rejected in tested GNU runtime,5006 both media,vendor extension; not implemented by GNU,probe; GNU docs
Q,vendor remaining-record count,would report record length,record length,remaining columns,none,vendor-dependent,no branch itself,would feed later invocation,rejected by target parser,5006 both media,vendor feature unavailable in target,probe; GNU13 parser
REWIND / BACKSPACE / REC= / UNIT=,"host I/O control, not FORMAT",file position; chosen record/unit,host statements,outside descriptor language,host controls medium,host supplies scheduling,host supplies revisit,sets I/O invocation environment,ordinary Fortran I/O,external transport facilities,category D when credited to FORMAT; host service when explicit,automaton_external; record_address; direct_medium
